Workbook

Sheet 스트링DB
A1: String | B1: 두께(mm) | C1: Material | D1: Stiffness (lb/in) | E1: Tension Loss (%) | F1: Spin Potential | G1: Ref. Ten. (lbs) | H1: Swing Speed
A2: Weiss Cannon Ultra Cable 17 (1.23) | B2: 1.23 | C2: Polyester | D2: 174.9 | E2: 47.7 | F2: 11.9 | G2: 51 | H2: Fast
A3: Volkl V-Square 16 (1.30) | B3: 1.3 | C3: Polyester | D3: 190.9 | E3: 47.9 | F3: 11.3 | G3: 51 | H3: Fast
A4: Weiss Cannon Blue Rock N Power | B4: 1.25 | C4: Polyester | D4: 224 | E4: 27 | F4: 11.1 | G4: 51 | H4: Fast
A5: Babolat RPM Blast Rough 17 | B5: 1.2 | C5: Polyester | D5: 196 | E5: 35.7 | F5: 9.9 | G5: 51 | H5: Fast
A6: Tecnifibre Black Code 4S 17 (1.25) | B6: 1.25 | C6: Polyester | D6: 209.2 | E6: 28.3 | F6: 9.8 | G6: 51 | H6: Fast
A7: Toroline O-Toro 17 (1.23) | B7: 1.23 | C7: Polyester | D7: 165.7 | E7: 44.4 | F7: 9.4 | G7: 51 | H7: Fast
A8: Diadem Elite XT 17 | B8: 1.2 | C8: Polyester | D8: 189.2 | E8: 31.7 | F8: 9.3 | G8: 51 | H8: Fast
A9: Tecnifibre Black Code 4S 16 (1.30) | B9: 1.3 | C9: Polyester | D9: 242.9 | E9: 25.5 | F9: 9.2 | G9: 51 | H9: Fast
A10: Volkl Cyclone 18L (1.15) | B10: 1.15 | C10: Polyester | D10: 188 | E10: 29.4 | F10: 9 | G10: 51 | H10: Fast
A11: Volkl Cyclone Tour 16 (1.30) | B11: 1.3 | C11: Polyester | D11: 167.4 | E11: 52.1 | F11: 8.7 | G11: 51 | H11: Fast
A12: Diadem Elite XT 16 | B12: 1.3 | C12: Polyester | D12: 204.6 | E12: 40.4 | F12: 8.7 | G12: 51 | H12: Fast
A13: Diadem Solstice Power 17 (1.20) | B13: 1.2 | C13: Polyester | D13: 196.6 | E13: 28.5 | F13: 8.6 | G13: 51 | H13: Fast
... A434: Volkl V-Star 18 (1.20) | B434: 1.2 | C434: Polyester | D434: 163.4 | E434: 50.7 | F434: 0 | G434: 51 | H434: Fast
A435: Boris Becker Bomber 17 | B435: 1.2 | C435: Polyester | D435: 182.3 | E435: 48.4 | G435: 51 | H435: Fast
A436: Tecnifibre Black Code 16 | B436: 1.3 | C436: Polyester | D436: 264.6 | E436: 37 | G436: 51 | H436: Medium
A437: IsoSpeed Pulse 17 | B437: 1.2 | C437: Polyester | D437: 200 | E437: 54.6 | G437: 51 | H437: Slow
A438: Tourna Big Hitter 16 | B438: 1.3 | C438: Polyester | D438: 286.3 | E438: 39.3 | G438: 51 | H438: Slow
A439: Luxilon M2 Plus 130/16 | B439: 1.25 | C439: Polyester | D439: 269.2 | E439: 51.5 | G439: 51 | H439: Slow
A440: Babolat Duralast 17 | B440: 1.2 | C440: Polyester | D440: 258.9 | E440: 42.6 | G440: 51 | H440: Medium
A441: Polyfibre Black Venom 16L (1.25) | B441: 1.25 | C441: Polyester | D441: 217.2 | E441: 60.1 | G441: 51 | H441: Slow
A442: Yonex Poly Tour Pro Yellow 16L (1.25) | B442: 1.25 | C442: Polyester | D442: 181.2 | E442: 46.3 | G442: 51 | H442: Fast
A443: Tourna Big Hitter Blue 16 | B443: 1.3 | C443: Polyester | D443: 290.9 | E443: 36.9 | G443: 51 | H443: Slow
A444: Luxilon 4G 16 (1.30) | B444: 1.3 | C444: Polyester | D444: 286.9 | E444: 23.5 | G444: 51 | H444: Fast
A445: Dunlop Explosive Bite 17 (1.27) | B445: 1.27 | C445: Polyester | D445: 201.7 | E445: 28.3 | G445: 51 | H445: Fast
A446: Babolat Duralast 16 | B446: 1.3 | C446: Polyester | D446: 207.5 | E446: 48.5 | G446: 51 | H446: Fast
... A473: Prince Diablo Prism 17 | B473: 1.2 | C473: Polyester | D473: 229.2 | E473: 35.9 | G473: 51 | H473: Fast

Sheet 라켓DB
A1: 라켓이름 | B1: 헤드사이즈 | C1: 스트링패턴 | D1: 강성(RA) | E1: 상단(mm) | F1: 중단(mm) | G1: 하단(mm) | H1: 스트링무게(g) | I1: 밸런스(cm) | J1: 프레임_가중평균(mm) | K1: 종합파워인덱스(HEAD_CPI맞춤) | L1: 참고_실제CPI
A2: 2025 헤드 그래비티 프로 | B2: 100 | C2: 18x20 | D2: 60 | E2: 20 | F2: 20 | G2: 20 | H2: 330 | I2: 32.5 | J2: =IF(A2="","", ROUND(E2*0.3 + F2*0.5 + G2*0.2, 2)) -> 20 | K2: =IF(A2="","", ROUND(300 + (B2-100)*30 + (D2-62)*30 + (J2-23)*20 + (H2-326)*-5 + (I2-32.5)*40 + (360 - (VALUE(LEFT(C2, FIND("x", C2)-1)) * VALUE(RIGHT(C2, LEN(C2)-FIND("x", C2)))))*3, 0)) -> 160 | L2: 200
A3: 그라핀 360+ 스피드 프로 | B3: 100 | C3: 18x20 | D3: 62 | E3: 23 | F3: 23 | G3: 23 | H3: 326 | I3: 32.5 | J3: =IF(A3="","", ROUND(E3*0.3 + F3*0.5 + G3*0.2, 2)) -> 23 | K3: =IF(A3="","", ROUND(300 + (B3-100)*30 + (D3-62)*30 + (J3-23)*20 + (H3-326)*-5 + (I3-32.5)*40 + (360 - (VALUE(LEFT(C3, FIND("x", C3)-1)) * VALUE(RIGHT(C3, LEN(C3)-FIND("x", C3)))))*3, 0)) -> 300 | L3: 300
A4: 2023 헤드 그래비티 투어 100 | B4: 100 | C4: 18x20 | D4: 61 | E4: 22 | F4: 22 | G4: 22 | H4: 323 | I4: 33 | J4: =IF(A4="","", ROUND(E4*0.3 + F4*0.5 + G4*0.2, 2)) -> 22 | K4: =IF(A4="","", ROUND(300 + (B4-100)*30 + (D4-62)*30 + (J4-23)*20 + (H4-326)*-5 + (I4-32.5)*40 + (360 - (VALUE(LEFT(C4, FIND("x", C4)-1)) * VALUE(RIGHT(C4, LEN(C4)-FIND("x", C4)))))*3, 0)) -> 285 | L4: 300
A5: 2025 헤드 그래비티 투어 98 | B5: 98 | C5: 16x19 | D5: 59 | E5: 22 | F5: 22 | G5: 22 | H5: 323 | I5: 33 | J5: =IF(A5="","", ROUND(E5*0.3 + F5*0.5 + G5*0.2, 2)) -> 22 | K5: =IF(A5="","", ROUND(300 + (B5-100)*30 + (D5-62)*30 + (J5-23)*20 + (H5-326)*-5 + (I5-32.5)*40 + (360 - (VALUE(LEFT(C5, FIND("x", C5)-1)) * VALUE(RIGHT(C5, LEN(C5)-FIND("x", C5)))))*3, 0)) -> 333 | L5: 300
A6: 헤드 그래비티 mp 2023 | B6: 100 | C6: 16x20 | D6: 59 | E6: 22 | F6: 22 | G6: 22 | H6: 312 | I6: 33.48 | J6: =IF(A6="","", ROUND(E6*0.3 + F6*0.5 + G6*0.2, 2)) -> 22 | K6: =IF(A6="","", ROUND(300 + (B6-100)*30 + (D6-62)*30 + (J6-23)*20 + (H6-326)*-5 + (I6-32.5)*40 + (360 - (VALUE(LEFT(C6, FIND("x", C6)-1)) * VALUE(RIGHT(C6, LEN(C6)-FIND("x", C6)))))*3, 0)) -> 419 | L6: 400
A7: 헤드 그래비티 mp 2025 | B7: 100 | C7: 16x20 | D7: 57 | E7: 22 | F7: 22 | G7: 22 | H7: 312 | I7: 33.48 | J7: =IF(A7="","", ROUND(E7*0.3 + F7*0.5 + G7*0.2, 2)) -> 22 | K7: =IF(A7="","", ROUND(300 + (B7-100)*30 + (D7-62)*30 + (J7-23)*20 + (H7-326)*-5 + (I7-32.5)*40 + (360 - (VALUE(LEFT(C7, FIND("x", C7)-1)) * VALUE(RIGHT(C7, LEN(C7)-FIND("x", C7)))))*3, 0)) -> 359 | L7: 400
A8: 헤드 스피드 mp 2024 | B8: 100 | C8: 16x19 | D8: 60 | E8: 23 | F8: 23 | G8: 23 | H8: 315 | I8: 33.02 | J8: =IF(A8="","", ROUND(E8*0.3 + F8*0.5 + G8*0.2, 2)) -> 23 | K8: =IF(A8="","", ROUND(300 + (B8-100)*30 + (D8-62)*30 + (J8-23)*20 + (H8-326)*-5 + (I8-32.5)*40 + (360 - (VALUE(LEFT(C8, FIND("x", C8)-1)) * VALUE(RIGHT(C8, LEN(C8)-FIND("x", C8)))))*3, 0)) -> 484 | L8: 500
A9: 헤드 익스트림 투어 2020 | B9: 98 | C9: 16x19 | D9: 65 | E9: 22 | F9: 23 | G9: 21 | H9: 323 | I9: 32 | J9: =IF(A9="","", ROUND(E9*0.3 + F9*0.5 + G9*0.2, 2)) -> 22.3 | K9: =IF(A9="","", ROUND(300 + (B9-100)*30 + (D9-62)*30 + (J9-23)*20 + (H9-326)*-5 + (I9-32.5)*40 + (360 - (VALUE(LEFT(C9, FIND("x", C9)-1)) * VALUE(RIGHT(C9, LEN(C9)-FIND("x", C9)))))*3, 0)) -> 479 | L9: 500
A10: 헤드 붐 MP 2024 | B10: 100 | C10: 16x19 | D10: 64 | E10: 24 | F10: 24 | G10: 23.5 | H10: 312 | I10: 32.5 | J10: =IF(A10="","", ROUND(E10*0.3 + F10*0.5 + G10*0.2, 2)) -> 23.9 | K10: =IF(A10="","", ROUND(300 + (B10-100)*30 + (D10-62)*30 + (J10-23)*20 + (H10-326)*-5 + (I10-32.5)*40 + (360 - (VALUE(LEFT(C10, FIND("x", C10)-1)) * VALUE(RIGHT(C10, LEN(C10)-FIND("x", C10)))))*3, 0)) -> 616 | L10: 600
A11: 티파이트 305s | B11: 98 | C11: 18x19 | D11: 63 | E11: 22.5 | F11: 22.5 | G11: 22.5 | H11: 320 | I11: 32.49 | J11: =IF(A11="","", ROUND(E11*0.3 + F11*0.5 + G11*0.2, 2)) -> 22.5 | K11: =IF(A11="","", ROUND(300 + (B11-100)*30 + (D11-62)*30 + (J11-23)*20 + (H11-326)*-5 + (I11-32.5)*40 + (360 - (VALUE(LEFT(C11, FIND("x", C11)-1)) * VALUE(RIGHT(C11, LEN(C11)-FIND("x", C11)))))*3, 0)) -> 344
A12: 티파이트 iso 305 | B12: 98 | C12: 18x19 | D12: 64 | E12: 22.5 | F12: 22.5 | G12: 22.5 | H12: 320 | I12: 33.32 | J12: =IF(A12="","", ROUND(E12*0.3 + F12*0.5 + G12*0.2, 2)) -> 22.5 | K12: =IF(A12="","", ROUND(300 + (B12-100)*30 + (D12-62)*30 + (J12-23)*20 + (H12-326)*-5 + (I12-32.5)*40 + (360 - (VALUE(LEFT(C12, FIND("x", C12)-1)) * VALUE(RIGHT(C12, LEN(C12)-FIND("x", C12)))))*3, 0)) -> 407
A13: 프린스 ats 텍스트림 투어 100 290 | B13: 100 | C13: 16x18 | D13: 62 | E13: 22 | F13: 23 | G13: 20 | H13: 306 | I13: 33 | J13: =IF(A13="","", ROUND(E13*0.3 + F13*0.5 + G13*0.2, 2)) -> 22.1 | K13: =IF(A13="","", ROUND(300 + (B13-100)*30 + (D13-62)*30 + (J13-23)*20 + (H13-326)*-5 + (I13-32.5)*40 + (360 - (VALUE(LEFT(C13, FIND("x", C13)-1)) * VALUE(RIGHT(C13, LEN(C13)-FIND("x", C13)))))*3, 0)) -> 618
A14: 헤드 레디컬 프로 2025 | B14: 98 | C14: 16x19 | D14: 65 | E14: 20 | F14: 21.5 | G14: 21 | H14: 332 | I14: 32.39 | J14: =IF(A14="","", ROUND(E14*0.3 + F14*0.5 + G14*0.2, 2)) -> 20.95 | K14: =IF(A14="","", ROUND(300 + (B14-100)*30 + (D14-62)*30 + (J14-23)*20 + (H14-326)*-5 + (I14-32.5)*40 + (360 - (VALUE(LEFT(C14, FIND("x", C14)-1)) * VALUE(RIGHT(C14, LEN(C14)-FIND("x", C14)))))*3, 0)) -> 423
A15: 헤드 레디컬 mp 2025 | B15: 98 | C15: 16x19 | D15: 66 | E15: 20 | F15: 23 | G15: 21 | H15: 318 | I15: 33.02 | J15: =IF(A15="","", ROUND(E15*0.3 + F15*0.5 + G15*0.2, 2)) -> 21.7 | K15: =IF(A15="","", ROUND(300 + (B15-100)*30 + (D15-62)*30 + (J15-23)*20 + (H15-326)*-5 + (I15-32.5)*40 + (360 - (VALUE(LEFT(C15, FIND("x", C15)-1)) * VALUE(RIGHT(C15, LEN(C15)-FIND("x", C15)))))*3, 0)) -> 563
A16: 헤드 레디컬 투어 2025 | B16: 98 | C16: 18x20 | D16: 63 | E16: 20 | F16: 23 | G16: 21 | H16: 323 | I16: 32.39 | J16: =IF(A16="","", ROUND(E16*0.3 + F16*0.5 + G16*0.2, 2)) -> 21.7 | K16: =IF(A16="","", ROUND(300 + (B16-100)*30 + (D16-62)*30 + (J16-23)*20 + (H16-326)*-5 + (I16-32.5)*40 + (360 - (VALUE(LEFT(C16, FIND("x", C16)-1)) * VALUE(RIGHT(C16, LEN(C16)-FIND("x", C16)))))*3, 0)) -> 255
A17: 헤드 레디컬 팀 2025 | B17: 102 | C17: 16x19 | D17: 63 | E17: 22 | F17: 25 | G17: 23 | H17: 295 | I17: 33.02 | J17: =IF(A17="","", ROUND(E17*0.3 + F17*0.5 + G17*0.2, 2)) -> 23.7 | K17: =IF(A17="","", ROUND(300 + (B17-100)*30 + (D17-62)*30 + (J17-23)*20 + (H17-326)*-5 + (I17-32.5)*40 + (360 - (VALUE(LEFT(C17, FIND("x", C17)-1)) * VALUE(RIGHT(C17, LEN(C17)-FIND("x", C17)))))*3, 0)) -> 748
A18: 티파이트 270 2025 | B18: 100 | C18: 16x19 | D18: 65 | E18: 23 | F18: 23 | G18: 23 | H18: 283 | I18: 32.99 | J18: =IF(A18="","", ROUND(E18*0.3 + F18*0.5 + G18*0.2, 2)) -> 23 | K18: =IF(A18="","", ROUND(300 + (B18-100)*30 + (D18-62)*30 + (J18-23)*20 + (H18-326)*-5 + (I18-32.5)*40 + (360 - (VALUE(LEFT(C18, FIND("x", C18)-1)) * VALUE(RIGHT(C18, LEN(C18)-FIND("x", C18)))))*3, 0)) -> 793
A19: 퓨어드라이브 98 2025 | B19: 98 | C19: 16x20 | D19: 69 | E19: 21 | F19: 23 | G19: 21 | H19: 323 | I19: 33.48 | J19: =IF(A19="","", ROUND(E19*0.3 + F19*0.5 + G19*0.2, 2)) -> 22 | K19: =IF(A19="","", ROUND(300 + (B19-100)*30 + (D19-62)*30 + (J19-23)*20 + (H19-326)*-5 + (I19-32.5)*40 + (360 - (VALUE(LEFT(C19, FIND("x", C19)-1)) * VALUE(RIGHT(C19, LEN(C19)-FIND("x", C19)))))*3, 0)) -> 604
A20: 퓨어드라이브 2025 | B20: 100 | C20: 16x19 | D20: 69 | E20: 23 | F20: 26 | G20: 23 | H20: 318 | I20: 32.99 | J20: =IF(A20="","", ROUND(E20*0.3 + F20*0.5 + G20*0.2, 2)) -> 24.5 | K20: =IF(A20="","", ROUND(300 + (B20-100)*30 + (D20-62)*30 + (J20-23)*20 + (H20-326)*-5 + (I20-32.5)*40 + (360 - (VALUE(LEFT(C20, FIND("x", C20)-1)) * VALUE(RIGHT(C20, LEN(C20)-FIND("x", C20)))))*3, 0)) -> 768
A21: 퓨어에어로 2026 | B21: 100 | C21: 16x19 | D21: 66 | E21: 23 | F21: 26 | G21: 23 | H21: 318 | I21: 32.99 | J21: =IF(A21="","", ROUND(E21*0.3 + F21*0.5 + G21*0.2, 2)) -> 24.5 | K21: =IF(A21="","", ROUND(300 + (B21-100)*30 + (D21-62)*30 + (J21-23)*20 + (H21-326)*-5 + (I21-32.5)*40 + (360 - (VALUE(LEFT(C21, FIND("x", C21)-1)) * VALUE(RIGHT(C21, LEN(C21)-FIND("x", C21)))))*3, 0)) -> 678
A22: 퓨어에어로 98 2026 | B22: 98 | C22: 16x20 | D22: 66 | E22: 21 | F22: 23 | G22: 22 | H22: 323 | I22: 32.49 | J22: =IF(A22="","", ROUND(E22*0.3 + F22*0.5 + G22*0.2, 2)) -> 22.2 | K22: =IF(A22="","", ROUND(300 + (B22-100)*30 + (D22-62)*30 + (J22-23)*20 + (H22-326)*-5 + (I22-32.5)*40 + (360 - (VALUE(LEFT(C22, FIND("x", C22)-1)) * VALUE(RIGHT(C22, LEN(C22)-FIND("x", C22)))))*3, 0)) -> 479
... A43: 퓨어에어로 100 2023 | B43: 100 | C43: 16x20 | D43: 66 | E43: 23 | F43: 26 | G43: 23 | H43: 318 | I43: 32.99 | J43: =IF(A43="","", ROUND(E43*0.3 + F43*0.5 + G43*0.2, 2)) -> 24.5 | K43: =IF(A43="","", ROUND(300 + (B43-100)*30 + (D43-62)*30 + (J43-23)*20 + (H43-326)*-5 + (I43-32.5)*40 + (360 - (VALUE(LEFT(C43, FIND("x", C43)-1)) * VALUE(RIGHT(C43, LEN(C43)-FIND("x", C43)))))*3, 0)) -> 630
J44: =IF(A44="","", ROUND(E44*0.3 + F44*0.5 + G44*0.2, 2)) | K44: =IF(A44="","", ROUND(300 + (B44-100)*30 + (D44-62)*30 + (J44-23)*20 + (H44-326)*-5 + (I44-32.5)*40 + (360 - (VALUE(LEFT(C44, FIND("x", C44)-1)) * VALUE(RIGHT(C44, LEN(C44)-FIND("x", C44)))))*3, 0))
J45: =IF(A45="","", ROUND(E45*0.3 + F45*0.5 + G45*0.2, 2)) | K45: =IF(A45="","", ROUND(300 + (B45-100)*30 + (D45-62)*30 + (J45-23)*20 + (H45-326)*-5 + (I45-32.5)*40 + (360 - (VALUE(LEFT(C45, FIND("x", C45)-1)) * VALUE(RIGHT(C45, LEN(C45)-FIND("x", C45)))))*3, 0))
J46: =IF(A46="","", ROUND(E46*0.3 + F46*0.5 + G46*0.2, 2)) | K46: =IF(A46="","", ROUND(300 + (B46-100)*30 + (D46-62)*30 + (J46-23)*20 + (H46-326)*-5 + (I46-32.5)*40 + (360 - (VALUE(LEFT(C46, FIND("x", C46)-1)) * VALUE(RIGHT(C46, LEN(C46)-FIND("x", C46)))))*3, 0))
J47: =IF(A47="","", ROUND(E47*0.3 + F47*0.5 + G47*0.2, 2)) | K47: =IF(A47="","", ROUND(300 + (B47-100)*30 + (D47-62)*30 + (J47-23)*20 + (H47-326)*-5 + (I47-32.5)*40 + (360 - (VALUE(LEFT(C47, FIND("x", C47)-1)) * VALUE(RIGHT(C47, LEN(C47)-FIND("x", C47)))))*3, 0))
J48: =IF(A48="","", ROUND(E48*0.3 + F48*0.5 + G48*0.2, 2)) | K48: =IF(A48="","", ROUND(300 + (B48-100)*30 + (D48-62)*30 + (J48-23)*20 + (H48-326)*-5 + (I48-32.5)*40 + (360 - (VALUE(LEFT(C48, FIND("x", C48)-1)) * VALUE(RIGHT(C48, LEN(C48)-FIND("x", C48)))))*3, 0))
J49: =IF(A49="","", ROUND(E49*0.3 + F49*0.5 + G49*0.2, 2)) | K49: =IF(A49="","", ROUND(300 + (B49-100)*30 + (D49-62)*30 + (J49-23)*20 + (H49-326)*-5 + (I49-32.5)*40 + (360 - (VALUE(LEFT(C49, FIND("x", C49)-1)) * VALUE(RIGHT(C49, LEN(C49)-FIND("x", C49)))))*3, 0))
J50: =IF(A50="","", ROUND(E50*0.3 + F50*0.5 + G50*0.2, 2)) | K50: =IF(A50="","", ROUND(300 + (B50-100)*30 + (D50-62)*30 + (J50-23)*20 + (H50-326)*-5 + (I50-32.5)*40 + (360 - (VALUE(LEFT(C50, FIND("x", C50)-1)) * VALUE(RIGHT(C50, LEN(C50)-FIND("x", C50)))))*3, 0))
J51: =IF(A51="","", ROUND(E51*0.3 + F51*0.5 + G51*0.2, 2)) | K51: =IF(A51="","", ROUND(300 + (B51-100)*30 + (D51-62)*30 + (J51-23)*20 + (H51-326)*-5 + (I51-32.5)*40 + (360 - (VALUE(LEFT(C51, FIND("x", C51)-1)) * VALUE(RIGHT(C51, LEN(C51)-FIND("x", C51)))))*3, 0))
J52: =IF(A52="","", ROUND(E52*0.3 + F52*0.5 + G52*0.2, 2)) | K52: =IF(A52="","", ROUND(300 + (B52-100)*30 + (D52-62)*30 + (J52-23)*20 + (H52-326)*-5 + (I52-32.5)*40 + (360 - (VALUE(LEFT(C52, FIND("x", C52)-1)) * VALUE(RIGHT(C52, LEN(C52)-FIND("x", C52)))))*3, 0))
J53: =IF(A53="","", ROUND(E53*0.3 + F53*0.5 + G53*0.2, 2)) | K53: =IF(A53="","", ROUND(300 + (B53-100)*30 + (D53-62)*30 + (J53-23)*20 + (H53-326)*-5 + (I53-32.5)*40 + (360 - (VALUE(LEFT(C53, FIND("x", C53)-1)) * VALUE(RIGHT(C53, LEN(C53)-FIND("x", C53)))))*3, 0))
J54: =IF(A54="","", ROUND(E54*0.3 + F54*0.5 + G54*0.2, 2)) | K54: =IF(A54="","", ROUND(300 + (B54-100)*30 + (D54-62)*30 + (J54-23)*20 + (H54-326)*-5 + (I54-32.5)*40 + (360 - (VALUE(LEFT(C54, FIND("x", C54)-1)) * VALUE(RIGHT(C54, LEN(C54)-FIND("x", C54)))))*3, 0))
J55: =IF(A55="","", ROUND(E55*0.3 + F55*0.5 + G55*0.2, 2)) | K55: =IF(A55="","", ROUND(300 + (B55-100)*30 + (D55-62)*30 + (J55-23)*20 + (H55-326)*-5 + (I55-32.5)*40 + (360 - (VALUE(LEFT(C55, FIND("x", C55)-1)) * VALUE(RIGHT(C55, LEN(C55)-FIND("x", C55)))))*3, 0))
... J101: =IF(A101="","", ROUND(E101*0.3 + F101*0.5 + G101*0.2, 2)) | K101: =IF(A101="","", ROUND(300 + (B101-100)*30 + (D101-62)*30 + (J101-23)*20 + (H101-326)*-5 + (I101-32.5)*40 + (360 - (VALUE(LEFT(C101, FIND("x", C101)-1)) * VALUE(RIGHT(C101, LEN(C101)-FIND("x", C101)))))*3, 0))

Sheet 기변_통합예측기
A1: 구분 | B1: 항목 입력 (노란색 칸) | C1: 참고 수치1 | D1: 참고 수치2 | E1: 참고 수치3
A2: 1. 기존 라켓 | C2: ="두께:"&IFERROR(VLOOKUP(B2,라켓DB!A:L,10,FALSE),"")&" / 무게:"&IFERROR(VLOOKUP(B2,라켓DB!A:L,8,FALSE),"")&"g / 밸런스:"&IFERROR(VLOOKUP(B2,라켓DB!A:L,9,FALSE),"")&"cm" -> 두께: / 무게:g / 밸런스:cm | D2: =IFERROR(VLOOKUP(B2, 라켓DB!A:L, 3, FALSE), "") | E2: ="종합파워: " & IFERROR(VLOOKUP(B2, 라켓DB!A:L, 11, FALSE), "") -> 종합파워:
A3: 2. 기존 스트링 | C3: ="로스율: " & IFERROR(VLOOKUP(B3, 스트링DB!A:H, 5, FALSE), "") & "%" -> 로스율: % | D3: ="강성: " & IFERROR(VLOOKUP(B3, 스트링DB!A:H, 4, FALSE), "") -> 강성: | E3: ="두께: " & IFERROR(VLOOKUP(B3, 스트링DB!A:H, 2, FALSE), "") & " mm" -> 두께: mm
A4: 3-1. 기존 작업 텐션 (lbs) | C4: ← 작업 텐션을 입력하세요 | D4: (둘 중 하나만 입력해도 됨)
A5: 3-2. 최고 텐션미터 수치 | C5: ← 텐션미터 수치를 입력하세요 | D5: (둘 다 입력 시 텐션미터 우선)
A6: --- | B6: --- | C6: --- | D6: --- | E6: ---
A7: 4. 바꿀 라켓 | C7: ="두께:"&IFERROR(VLOOKUP(B7,라켓DB!A:L,10,FALSE),"")&" / 무게:"&IFERROR(VLOOKUP(B7,라켓DB!A:L,8,FALSE),"")&"g / 밸런스:"&IFERROR(VLOOKUP(B7,라켓DB!A:L,9,FALSE),"")&"cm" -> 두께: / 무게:g / 밸런스:cm | D7: =IFERROR(VLOOKUP(B7, 라켓DB!A:L, 3, FALSE), "") | E7: ="종합파워: " & IFERROR(VLOOKUP(B7, 라켓DB!A:L, 11, FALSE), "") -> 종합파워:
A8: 5. 바꿀 스트링 | C8: ="로스율: " & IFERROR(VLOOKUP(B8, 스트링DB!A:H, 5, FALSE), "") & "%" -> 로스율: % | D8: ="강성: " & IFERROR(VLOOKUP(B8, 스트링DB!A:H, 4, FALSE), "") -> 강성: | E8: ="두께: " & IFERROR(VLOOKUP(B8, 스트링DB!A:H, 2, FALSE), "") & " mm" -> 두께: mm
A9: --- | B9: --- | C9: --- | D9: --- | E9: ---
A10: ★ 최종 추천 작업 텐션 | B10: =IF(OR(B2="", B3="", B7="", B8=""), "장비 입력 대기중...", IF(AND(B4="", B5=""), "텐션 입력 대기중...", ROUND(IF(B4<>"", B4, IF(B5<>"", (B5*0.65)/(1-VLOOKUP(B3, 스트링DB!A:H, 5, FALSE)/100), 0)) + IFERROR(((VLOOKUP(B8, 스트링DB!A:H, 5, FALSE) - VLOOKUP(B3, 스트링DB!A:H, 5, FALSE)) * 0.153),0) + IFERROR(((VLOOKUP(B3, 스트링DB!A:H, 4, FALSE) - VLOOKUP(B8, 스트링DB!A:H, 4, FALSE)) * 0.0306),0) + IFERROR(((VLOOKUP(B3, 스트링DB!A:H, 2, FALSE) - VLOOKUP(B8, 스트링DB!A:H, 2, FALSE)) * 15.3),0) + IFERROR(((VLOOKUP(B7, 라켓DB!A:L, 11, FALSE) - VLOOKUP(B2, 라켓DB!A:L, 11, FALSE)) * 0.0126),0), 1) & " lbs")) -> 장비 입력 대기중... | C10: ※ v15 대비 라켓 및 스트링 보정치를 20%씩 상향 조정하여 텐션 변화폭을 다시 살짝 넓혔습니다.
A11: ★ 장비 변경 체감 조언 | B11: =IF(OR(B2="", B3="", B7="", B8=""), "장비를 모두 선택하시면 체감 변화에 대한 조언이 자동으로 표시됩니다.", (IF(VLOOKUP(B7, 라켓DB!A:L, 11, FALSE)-VLOOKUP(B2, 라켓DB!A:L, 11, FALSE)>=20, "▶ [라켓] 파워 증가: 이전보다 공이 잘 나갑니다(비거리 증가). ", IF(VLOOKUP(B2, 라켓DB!A:L, 11, FALSE)-VLOOKUP(B7, 라켓DB!A:L, 11, FALSE)>=20, "▶ [라켓] 파워 감소: 이전보다 덜 나가며 컨트롤이 강조됩니다. ", "▶ [라켓] 파워: 체감 파워는 기존과 비슷한 수준입니다. ")) & CHAR(10) & IF(VLOOKUP(B8, 스트링DB!A:H, 4, FALSE)-VLOOKUP(B3, 스트링DB!A:H, 4, FALSE)>=15, "▶ [타구감] 더 딱딱함: 새 스트링이 더 단단하여 타구감이 다소 딱딱해집니다. ", IF(VLOOKUP(B3, 스트링DB!A:H, 4, FALSE)-VLOOKUP(B8, 스트링DB!A:H, 4, FALSE)>=15, "▶ [타구감] 더 부드러움: 새 스트링이 푹신하고 안락한 느낌을 줍니다. ", "▶ [타구감] 체감되는 단단함은 기존과 비슷합니다. ")) & CHAR(10) & IF(VLOOKUP(B8, 스트링DB!A:H, 2, FALSE)<VLOOKUP(B3, 스트링DB!A:H, 2, FALSE), "▶ [스핀/반발] 스트링이 얇아져서 스핀과 반발력이 미세하게 상승합니다.", IF(VLOOKUP(B8, 스트링DB!A:H, 2, FALSE)>VLOOKUP(B3, 스트링DB!A:H, 2, FALSE), "▶ [내구성/컨트롤] 스트링이 두꺼워져 내구성과 묵직한 컨트롤에 유리합니다.", "▶ [두께] 게이지는 동일합니다.")))) -> 장비를 모두 선택하시면 체감 변화에 대한 조언이 자동으로 표시됩니다.
A12: ★ 사용자 코멘트/메모 | B12: 여기에 실제 쳐본 느낌이나 다음 작업 시 참고할 사항을 자유롭게 메모하세요.
